train_loss,epoch,step
0.7016860842704773,0,0
189.45977783203125,0,1
4.354498863220215,0,2
5.84174919128418,0,3
14.475298881530762,0,4
18.674217224121094,0,5
0.8687329292297363,0,6
2.378995418548584,0,7
19.16504669189453,0,8
0.04857170581817627,0,9
0.9179041385650635,0,10
0.32822421193122864,0,11
4.022340297698975,0,12
1.4623489379882812,0,13
0.7381407022476196,0,14
